--CREATE DATABASE Hotel
--USE Hotel

CREATE TABLE Employees
(
Id INT PRIMARY KEY,
FirstName VARCHAR(50) NOT NULL,
LastName VARCHAR(50) NOT NULL,
Title VARCHAR(30) NOT NULL,
Notes VARCHAR(MAX)
)

INSERT INTO Employees VALUES
(961, 'YORDAN', 'VALKOV', 'MANAGER',NULL),
(971, 'PETUR', 'PETROV', 'FRON TOFFICE',NULL),
(981, 'IVO', 'IVANOV', 'WAITER',NULL)

CREATE TABLE Customers 
(
AccountNumber INT PRIMARY KEY,
FirstName VARCHAR(50) NOT NULL,
LastName VARCHAR(50) NOT NULL,
PhoneNumber CHAR(15) NOT NULL,
EmergencyName VARCHAR(50) NOT NULL,
EmergencyNumber CHAR(15) NOT NULL,
Notes VARCHAR(MAX)
)

INSERT INTO Customers VALUES
(123, 'IVAN', 'IVANOV', '0988884566','PESHO', '0891234567', NULL),
(1234, 'PETUR', 'IVANOV', '0988884567','IVAN', '0891234568', NULL),
(12345, 'JORO', 'PETROV', '0988884568','PETUR', '0891234569', NULL)

CREATE TABLE RoomStatus
(
RoomStatus VARCHAR(20) NOT NULL,
Notes VARCHAR(MAX)
)

INSERT INTO RoomStatus VALUES
('FREE', NULL),
('NOT FREE', NULL),
('CLEANING', NULL)

CREATE TABLE RoomTypes 
(
RoomType  VARCHAR(20) NOT NULL,
Notes VARCHAR(MAX)
)

INSERT INTO RoomTypes VALUES
('APARTMENT', NULL),
('STUDIO', NULL),
('MAISONETTE', NULL)


CREATE TABLE BedTypes 
(
BedType VARCHAR(20) NOT NULL,
Notes VARCHAR(MAX)
)

INSERT INTO BedTypes VALUES
('SINGLE BED', NULL),
('DOUBLE BED', NULL),
('THREE BEDS', NULL)

CREATE TABLE Rooms
(
RoomNumber INT PRIMARY KEY,
RoomType VARCHAR(20) NOT NULL,
BedType VARCHAR(20) NOT NULL,
Rate INT,
RoomStatus VARCHAR(20) NOT NULL,
Notes VARCHAR(MAX)
)

INSERT INTO Rooms VALUES
(101, 'STUDIO','SINGLE BED', NULL, 'FREE', NULL),
(201, 'APARTMENT','DOUBLE BED', NULL, 'CLEANING', NULL),
(301, 'MAISONETTE','THREE BED', NULL, 'NOT FREE', NULL)

CREATE TABLE Payments
(
 Id INT PRIMARY KEY,
 EmployeeId INT NOT NULL,
 PaymentDate DATETIME NOT NULL,
 AccountNumber INT NOT NULL,
 FirstDateOccupied DATETIME NOT NULL,
 LastDateOccupied DATETIME NOT NULL,
 TotalDays INT NOT NULL,
 AmountCharged DECIMAL(15,2),
 TaxRate DECIMAL(15,2),
 TaxAmount DECIMAL(15,2),
 PaymentTotal DECIMAL(15,2),
 Notes VARCHAR(MAX)
)

INSERT INTO Payments VALUES
(1, 961, GETDATE(), 123, '5/4/2022','5/10/2022', 3, 412.50, NULL, NULL, 415.50, NULL),
(2, 971, GETDATE(), 1234, '5/4/2022','5/6/2022', 3, 112.50, NULL, NULL, 115.50, NULL),
(3, 981, GETDATE(), 12345, '5/4/2022','5/7/2022', 3, 221.50, NULL, NULL, 224.50, NULL)


CREATE TABLE Occupancies
(
  Id INT PRIMARY KEY,
  EmployeeId INT NOT NULL,
  DateOccupied DATETIME NOT NULL,
  AccountNumber INT NOT NULL,
  RoomNumber INT NOT NULL,
  RateApplied DECIMAL(15,2),
  PhoneCharge DECIMAL(15,2),
  Notes VARCHAR(MAX)
)

INSERT INTO Occupancies VALUES
(1, 961, GETDATE(), 123, 101, NULL, NULL, NULL),
(2, 971, GETDATE(), 1234, 201, NULL, NULL, NULL),
(3, 981, GETDATE(), 12345, 301, NULL, NULL, NULL)


SELECT * FROM Payments

UPDATE Payments
SET TaxRate *= 0.97;

SELECT TaxRate FROM Payments

DELETE FROM Occupancies;

SELECT * FROM Occupancies